{
  "result": "Success",
  "learningTime": 288.2512593269348,
  "mqNum": 164,
  "eqNum": 11,
  "testNum": 1280,
  "testNumCache": 1266,
  "actionNum": 6353,
  "totalTime": 64683.5,
  "tableNum": 20,
  "correct": true,
  "passingRate": 1,
  "model": {
    "actions": [
      "a",
      "b"
    ],
    "states": [
      0,
      1,
      2,
      3,
      4,
      5,
      6
    ],
    "initState": 0,
    "acceptStates": [
      0,
      3
    ],
    "sinkState": 1,
    "trans": [
      [
        "0",
        "0",
        "a",
        "[0,+)",
        "True",
        "0"
      ],
      [
        "1",
        "0",
        "b",
        "[0,0.0]",
        "True",
        "1"
      ],
      [
        "2",
        "0",
        "b",
        "[18.0,+)",
        "True",
        "2"
      ],
      [
        "3",
        "0",
        "b",
        "(0.0,18.0)",
        "True",
        "3"
      ],
      [
        "4",
        "1",
        "a",
        "[0,+)",
        "True",
        "1"
      ],
      [
        "5",
        "1",
        "b",
        "[0,+)",
        "True",
        "1"
      ],
      [
        "6",
        "2",
        "a",
        "[0,+)",
        "True",
        "1"
      ],
      [
        "7",
        "2",
        "b",
        "[0,+)",
        "False",
        "4"
      ],
      [
        "8",
        "3",
        "b",
        "[20.0,+)",
        "True",
        "1"
      ],
      [
        "9",
        "3",
        "b",
        "[0.0,10.0)",
        "False",
        "2"
      ],
      [
        "10",
        "3",
        "a",
        "[0,+)",
        "True",
        "5"
      ],
      [
        "11",
        "3",
        "b",
        "[10.0,20.0)",
        "True",
        "6"
      ],
      [
        "12",
        "4",
        "a",
        "[0,+)",
        "True",
        "1"
      ],
      [
        "13",
        "4",
        "b",
        "[0,6.0)",
        "True",
        "1"
      ],
      [
        "14",
        "4",
        "b",
        "[6.0,+)",
        "True",
        "6"
      ],
      [
        "15",
        "5",
        "a",
        "[20.0,+)",
        "True",
        "1"
      ],
      [
        "16",
        "5",
        "b",
        "[0,+)",
        "True",
        "1"
      ],
      [
        "17",
        "5",
        "a",
        "[0.0,20.0)",
        "False",
        "3"
      ],
      [
        "18",
        "6",
        "a",
        "(14.0,+)",
        "True",
        "0"
      ],
      [
        "19",
        "6",
        "a",
        "[0,14.0]",
        "True",
        "1"
      ],
      [
        "20",
        "6",
        "b",
        "[0.0,+)",
        "True",
        "1"
      ]
    ]
  }
}