{
  "result": "Success",
  "learningTime": 658.36914229393,
  "mqNum": 442,
  "eqNum": 16,
  "testNum": 1764,
  "testNumCache": 1746,
  "actionNum": 15727,
  "totalTime": 68424.0,
  "tableNum": 31,
  "correct": true,
  "passingRate": 1,
  "model": {
    "actions": [
      "a",
      "b"
    ],
    "states": [
      0,
      1,
      2,
      3,
      4,
      5,
      6,
      7,
      8,
      9,
      10,
      11
    ],
    "initState": 0,
    "acceptStates": [
      1,
      4,
      7
    ],
    "sinkState": 2,
    "trans": [
      [
        "0",
        "0",
        "a",
        "[0,+)",
        "True",
        "0"
      ],
      [
        "1",
        "0",
        "b",
        "[0,+)",
        "True",
        "1"
      ],
      [
        "2",
        "1",
        "a",
        "[0,5.0)",
        "True",
        "2"
      ],
      [
        "3",
        "1",
        "b",
        "[0,+)",
        "True",
        "3"
      ],
      [
        "4",
        "1",
        "a",
        "[5.0,+)",
        "True",
        "6"
      ],
      [
        "5",
        "2",
        "a",
        "[0,+)",
        "True",
        "2"
      ],
      [
        "6",
        "2",
        "b",
        "[0,+)",
        "True",
        "2"
      ],
      [
        "7",
        "3",
        "a",
        "[0.0,3.0)",
        "True",
        "2"
      ],
      [
        "8",
        "3",
        "b",
        "[0,+)",
        "True",
        "2"
      ],
      [
        "9",
        "3",
        "a",
        "[3.0,+)",
        "True",
        "4"
      ],
      [
        "10",
        "4",
        "b",
        "[0,3.0)",
        "True",
        "2"
      ],
      [
        "11",
        "4",
        "a",
        "[0,+)",
        "True",
        "5"
      ],
      [
        "12",
        "4",
        "b",
        "[3.0,+)",
        "True",
        "9"
      ],
      [
        "13",
        "5",
        "b",
        "[0,2.0]",
        "False",
        "0"
      ],
      [
        "14",
        "5",
        "a",
        "[0,+)",
        "True",
        "1"
      ],
      [
        "15",
        "5",
        "b",
        "(2.0,+)",
        "True",
        "2"
      ],
      [
        "16",
        "6",
        "a",
        "[0,+)",
        "True",
        "2"
      ],
      [
        "17",
        "6",
        "b",
        "[0,+)",
        "True",
        "7"
      ],
      [
        "18",
        "7",
        "b",
        "(3.0,+)",
        "True",
        "2"
      ],
      [
        "19",
        "7",
        "a",
        "[0.0,+)",
        "True",
        "6"
      ],
      [
        "20",
        "7",
        "b",
        "[0,3.0]",
        "False",
        "8"
      ],
      [
        "21",
        "8",
        "b",
        "[0.0,8.0]",
        "True",
        "1"
      ],
      [
        "22",
        "8",
        "a",
        "[0,+)",
        "True",
        "2"
      ],
      [
        "23",
        "8",
        "b",
        "(8.0,+)",
        "True",
        "2"
      ],
      [
        "24",
        "9",
        "b",
        "[3.0,+)",
        "True",
        "2"
      ],
      [
        "25",
        "9",
        "b",
        "[0,3.0)",
        "False",
        "8"
      ],
      [
        "26",
        "9",
        "a",
        "[0,+)",
        "True",
        "10"
      ],
      [
        "27",
        "10",
        "a",
        "[0,0.0]U[5.0,+)",
        "True",
        "2"
      ],
      [
        "28",
        "10",
        "b",
        "[0,+)",
        "True",
        "2"
      ],
      [
        "29",
        "10",
        "a",
        "(0.0,5.0)",
        "False",
        "11"
      ],
      [
        "30",
        "11",
        "a",
        "(0.0,+)",
        "True",
        "0"
      ],
      [
        "31",
        "11",
        "b",
        "(0.0,+)",
        "True",
        "1"
      ],
      [
        "32",
        "11",
        "a",
        "[0,0.0]",
        "True",
        "2"
      ],
      [
        "33",
        "11",
        "b",
        "[0,0.0]",
        "True",
        "2"
      ]
    ]
  }
}