{
  "result": "Success",
  "learningTime": 387.91595578193665,
  "mqNum": 218,
  "eqNum": 9,
  "testNum": 589,
  "testNumCache": 576,
  "actionNum": 1942,
  "totalTime": 6982.5,
  "tableNum": 18,
  "correct": true,
  "passingRate": 1,
  "model": {
    "actions": [
      "a",
      "b",
      "c",
      "d",
      "e",
      "f"
    ],
    "states": [
      0,
      1,
      2,
      3,
      4,
      5,
      6
    ],
    "initState": 0,
    "acceptStates": [
      2,
      6
    ],
    "sinkState": 1,
    "trans": [
      [
        "0",
        "0",
        "a",
        "[0,+)",
        "True",
        "1"
      ],
      [
        "1",
        "0",
        "c",
        "[0,+)",
        "True",
        "1"
      ],
      [
        "2",
        "0",
        "d",
        "[0,+)",
        "True",
        "1"
      ],
      [
        "3",
        "0",
        "e",
        "[0,+)",
        "True",
        "1"
      ],
      [
        "4",
        "0",
        "f",
        "(4.0,+)",
        "True",
        "1"
      ],
      [
        "5",
        "0",
        "f",
        "[0,4.0]",
        "False",
        "2"
      ],
      [
        "6",
        "0",
        "b",
        "[0,+)",
        "True",
        "3"
      ],
      [
        "7",
        "1",
        "a",
        "[0,+)",
        "True",
        "1"
      ],
      [
        "8",
        "1",
        "b",
        "[0,+)",
        "True",
        "1"
      ],
      [
        "9",
        "1",
        "c",
        "[0,+)",
        "True",
        "1"
      ],
      [
        "10",
        "1",
        "d",
        "[0,+)",
        "True",
        "1"
      ],
      [
        "11",
        "1",
        "e",
        "[0,+)",
        "True",
        "1"
      ],
      [
        "12",
        "1",
        "f",
        "[0,+)",
        "True",
        "1"
      ],
      [
        "13",
        "2",
        "a",
        "(4.0,+)",
        "True",
        "1"
      ],
      [
        "14",
        "2",
        "b",
        "[0,+)",
        "True",
        "1"
      ],
      [
        "15",
        "2",
        "c",
        "[0,+)",
        "True",
        "1"
      ],
      [
        "16",
        "2",
        "f",
        "[0,+)",
        "True",
        "1"
      ],
      [
        "17",
        "2",
        "d",
        "[0,+)",
        "True",
        "3"
      ],
      [
        "18",
        "2",
        "e",
        "[0,+)",
        "True",
        "5"
      ],
      [
        "19",
        "2",
        "a",
        "[0,4.0]",
        "True",
        "6"
      ],
      [
        "20",
        "3",
        "a",
        "[0,+)",
        "True",
        "1"
      ],
      [
        "21",
        "3",
        "c",
        "[0,+)",
        "True",
        "1"
      ],
      [
        "22",
        "3",
        "d",
        "[0,+)",
        "True",
        "1"
      ],
      [
        "23",
        "3",
        "e",
        "[0,+)",
        "True",
        "1"
      ],
      [
        "24",
        "3",
        "f",
        "[0.0,+)",
        "True",
        "1"
      ],
      [
        "25",
        "3",
        "b",
        "[0,+)",
        "True",
        "2"
      ],
      [
        "26",
        "4",
        "a",
        "[0,+)",
        "True",
        "1"
      ],
      [
        "27",
        "4",
        "b",
        "[0,+)",
        "True",
        "1"
      ],
      [
        "28",
        "4",
        "c",
        "[0,+)",
        "True",
        "1"
      ],
      [
        "29",
        "4",
        "d",
        "[0,+)",
        "True",
        "1"
      ],
      [
        "30",
        "4",
        "e",
        "[0,+)",
        "True",
        "1"
      ],
      [
        "31",
        "4",
        "f",
        "[6.0,+)",
        "True",
        "1"
      ],
      [
        "32",
        "4",
        "f",
        "[0,6.0)",
        "True",
        "5"
      ],
      [
        "33",
        "5",
        "a",
        "[0,+)",
        "True",
        "1"
      ],
      [
        "34",
        "5",
        "b",
        "[0,+)",
        "True",
        "1"
      ],
      [
        "35",
        "5",
        "c",
        "[0,+)",
        "True",
        "1"
      ],
      [
        "36",
        "5",
        "d",
        "[0,+)",
        "True",
        "1"
      ],
      [
        "37",
        "5",
        "e",
        "[0,+)",
        "True",
        "1"
      ],
      [
        "38",
        "5",
        "f",
        "[0,3.0)",
        "True",
        "1"
      ],
      [
        "39",
        "5",
        "f",
        "[3.0,+)",
        "True",
        "4"
      ],
      [
        "40",
        "6",
        "c",
        "[0,+)",
        "True",
        "0"
      ],
      [
        "41",
        "6",
        "a",
        "(4.0,+)",
        "True",
        "1"
      ],
      [
        "42",
        "6",
        "b",
        "[0,+)",
        "True",
        "1"
      ],
      [
        "43",
        "6",
        "d",
        "[0,+)",
        "True",
        "1"
      ],
      [
        "44",
        "6",
        "e",
        "[0.0,+)",
        "True",
        "1"
      ],
      [
        "45",
        "6",
        "f",
        "[0,+)",
        "True",
        "1"
      ],
      [
        "46",
        "6",
        "a",
        "[0,4.0]",
        "False",
        "4"
      ]
    ]
  }
}