{
  "result": "Success",
  "learningTime": 189.92559719085693,
  "mqNum": 128,
  "eqNum": 8,
  "testNum": 543,
  "testNumCache": 535,
  "actionNum": 1515,
  "totalTime": 6050.0,
  "tableNum": 14,
  "correct": true,
  "passingRate": 1,
  "model": {
    "actions": [
      "coin?",
      "refund!",
      "b_coffee?",
      "b_tea",
      "coffee!",
      "tea!",
      "none"
    ],
    "states": [
      0,
      1,
      2,
      3,
      4
    ],
    "initState": 0,
    "acceptStates": [
      0,
      3,
      4
    ],
    "sinkState": 2,
    "trans": [
      [
        "0",
        "0",
        "coin?",
        "[0,+)",
        "True",
        "1"
      ],
      [
        "1",
        "0",
        "refund!",
        "[0,+)",
        "True",
        "2"
      ],
      [
        "2",
        "0",
        "b_coffee?",
        "[0,+)",
        "True",
        "2"
      ],
      [
        "3",
        "0",
        "b_tea",
        "[0,+)",
        "True",
        "2"
      ],
      [
        "4",
        "0",
        "coffee!",
        "[0,+)",
        "True",
        "2"
      ],
      [
        "5",
        "0",
        "tea!",
        "[0,+)",
        "True",
        "2"
      ],
      [
        "6",
        "0",
        "none",
        "[0,+)",
        "True",
        "2"
      ],
      [
        "7",
        "1",
        "none",
        "[0,6.0)",
        "False",
        "1"
      ],
      [
        "8",
        "1",
        "coin?",
        "[0,+)",
        "True",
        "2"
      ],
      [
        "9",
        "1",
        "refund!",
        "[0,3.0)",
        "True",
        "2"
      ],
      [
        "10",
        "1",
        "b_tea",
        "[0,+)",
        "True",
        "2"
      ],
      [
        "11",
        "1",
        "coffee!",
        "[0,+)",
        "True",
        "2"
      ],
      [
        "12",
        "1",
        "tea!",
        "[0,+)",
        "True",
        "2"
      ],
      [
        "13",
        "1",
        "none",
        "[6.0,+)",
        "True",
        "2"
      ],
      [
        "14",
        "1",
        "b_coffee?",
        "[0,+)",
        "True",
        "3"
      ],
      [
        "15",
        "1",
        "refund!",
        "[3.0,+)",
        "False",
        "4"
      ],
      [
        "16",
        "2",
        "coin?",
        "[0,+)",
        "True",
        "2"
      ],
      [
        "17",
        "2",
        "refund!",
        "[0,+)",
        "True",
        "2"
      ],
      [
        "18",
        "2",
        "b_coffee?",
        "[0,+)",
        "True",
        "2"
      ],
      [
        "19",
        "2",
        "b_tea",
        "[0,+)",
        "True",
        "2"
      ],
      [
        "20",
        "2",
        "coffee!",
        "[0,+)",
        "True",
        "2"
      ],
      [
        "21",
        "2",
        "tea!",
        "[0,+)",
        "True",
        "2"
      ],
      [
        "22",
        "2",
        "none",
        "[0,+)",
        "True",
        "2"
      ],
      [
        "23",
        "3",
        "coin?",
        "[0.0,+)",
        "True",
        "2"
      ],
      [
        "24",
        "3",
        "refund!",
        "[0,+)",
        "True",
        "2"
      ],
      [
        "25",
        "3",
        "b_coffee?",
        "[0,+)",
        "True",
        "2"
      ],
      [
        "26",
        "3",
        "b_tea",
        "[0,+)",
        "True",
        "2"
      ],
      [
        "27",
        "3",
        "coffee!",
        "[0,3.0)",
        "True",
        "2"
      ],
      [
        "28",
        "3",
        "tea!",
        "[0,+)",
        "True",
        "2"
      ],
      [
        "29",
        "3",
        "none",
        "[6.0,+)",
        "True",
        "2"
      ],
      [
        "30",
        "3",
        "none",
        "[0,6.0)",
        "False",
        "3"
      ],
      [
        "31",
        "3",
        "coffee!",
        "[3.0,+)",
        "False",
        "4"
      ],
      [
        "32",
        "4",
        "coin?",
        "[3.0,+)",
        "True",
        "1"
      ],
      [
        "33",
        "4",
        "coin?",
        "[0,3.0)",
        "True",
        "2"
      ],
      [
        "34",
        "4",
        "refund!",
        "[0,+)",
        "True",
        "2"
      ],
      [
        "35",
        "4",
        "b_coffee?",
        "[0,+)",
        "True",
        "2"
      ],
      [
        "36",
        "4",
        "b_tea",
        "[0,+)",
        "True",
        "2"
      ],
      [
        "37",
        "4",
        "coffee!",
        "[0,+)",
        "True",
        "2"
      ],
      [
        "38",
        "4",
        "tea!",
        "[0,+)",
        "True",
        "2"
      ],
      [
        "39",
        "4",
        "none",
        "[0,+)",
        "True",
        "2"
      ]
    ]
  }
}