{
  "result": "Success",
  "learningTime": 450.2705280780792,
  "mqNum": 250,
  "eqNum": 12,
  "testNum": 764,
  "testNumCache": 753,
  "actionNum": 3565,
  "totalTime": 11897.0,
  "tableNum": 22,
  "correct": false,
  "passingRate": 0.99992,
  "model": {
    "actions": [
      "a",
      "b",
      "c",
      "d"
    ],
    "states": [
      0,
      1,
      2,
      3,
      4,
      5,
      6,
      7
    ],
    "initState": 0,
    "acceptStates": [
      0,
      3,
      5,
      7
    ],
    "sinkState": 2,
    "trans": [
      [
        "0",
        "0",
        "b",
        "[0,+)",
        "True",
        "0"
      ],
      [
        "1",
        "0",
        "a",
        "[0,+)",
        "True",
        "1"
      ],
      [
        "2",
        "0",
        "d",
        "[0,+)",
        "True",
        "2"
      ],
      [
        "3",
        "0",
        "c",
        "[0,+)",
        "True",
        "3"
      ],
      [
        "4",
        "1",
        "b",
        "[0,6.0)",
        "True",
        "1"
      ],
      [
        "5",
        "1",
        "a",
        "[0,4.0]",
        "True",
        "2"
      ],
      [
        "6",
        "1",
        "b",
        "[6.0,+)",
        "True",
        "2"
      ],
      [
        "7",
        "1",
        "d",
        "[0,+)",
        "True",
        "2"
      ],
      [
        "8",
        "1",
        "c",
        "[0,+)",
        "True",
        "3"
      ],
      [
        "9",
        "1",
        "a",
        "(4.0,+)",
        "True",
        "6"
      ],
      [
        "10",
        "2",
        "a",
        "[0,+)",
        "True",
        "2"
      ],
      [
        "11",
        "2",
        "b",
        "[0,+)",
        "True",
        "2"
      ],
      [
        "12",
        "2",
        "c",
        "[0,+)",
        "True",
        "2"
      ],
      [
        "13",
        "2",
        "d",
        "[0,+)",
        "True",
        "2"
      ],
      [
        "14",
        "3",
        "a",
        "(3.0,+)",
        "True",
        "2"
      ],
      [
        "15",
        "3",
        "d",
        "[3.0,+)",
        "True",
        "2"
      ],
      [
        "16",
        "3",
        "d",
        "[0,3.0)",
        "False",
        "4"
      ],
      [
        "17",
        "3",
        "a",
        "[0.0,3.0]",
        "False",
        "6"
      ],
      [
        "18",
        "3",
        "b",
        "[0,+)",
        "True",
        "6"
      ],
      [
        "19",
        "3",
        "c",
        "[0,+)",
        "True",
        "6"
      ],
      [
        "20",
        "4",
        "a",
        "[0,+)",
        "True",
        "0"
      ],
      [
        "21",
        "4",
        "b",
        "[0,+)",
        "True",
        "2"
      ],
      [
        "22",
        "4",
        "c",
        "[0,+)",
        "True",
        "2"
      ],
      [
        "23",
        "4",
        "d",
        "[0,+)",
        "True",
        "2"
      ],
      [
        "24",
        "5",
        "a",
        "[6.0,+)",
        "True",
        "0"
      ],
      [
        "25",
        "5",
        "a",
        "[0,6.0)",
        "True",
        "2"
      ],
      [
        "26",
        "5",
        "b",
        "[0,+)",
        "True",
        "2"
      ],
      [
        "27",
        "5",
        "c",
        "[0,+)",
        "True",
        "2"
      ],
      [
        "28",
        "5",
        "d",
        "[0,+)",
        "True",
        "2"
      ],
      [
        "29",
        "6",
        "a",
        "[0,+)",
        "True",
        "2"
      ],
      [
        "30",
        "6",
        "b",
        "[0,+)",
        "True",
        "2"
      ],
      [
        "31",
        "6",
        "c",
        "(4.0,+)",
        "True",
        "2"
      ],
      [
        "32",
        "6",
        "d",
        "[0,+)",
        "True",
        "2"
      ],
      [
        "33",
        "6",
        "c",
        "[2.0,4.0]",
        "False",
        "5"
      ],
      [
        "34",
        "6",
        "c",
        "[0,2.0)",
        "False",
        "7"
      ],
      [
        "35",
        "7",
        "a",
        "[6.0,+)",
        "True",
        "0"
      ],
      [
        "36",
        "7",
        "d",
        "[0.0,3.0)",
        "False",
        "1"
      ],
      [
        "37",
        "7",
        "a",
        "[0,6.0)",
        "True",
        "2"
      ],
      [
        "38",
        "7",
        "b",
        "[0,+)",
        "True",
        "2"
      ],
      [
        "39",
        "7",
        "c",
        "[0,+)",
        "True",
        "2"
      ],
      [
        "40",
        "7",
        "d",
        "[3.0,+)",
        "True",
        "2"
      ]
    ]
  }
}