{
  "result": "Success",
  "learningTime": 24.629496335983276,
  "mqNum": 56,
  "eqNum": 5,
  "testNum": 275,
  "testNumCache": 269,
  "actionNum": 1082,
  "totalTime": 7166.0,
  "tableNum": 11,
  "correct": false,
  "passingRate": 0.99958,
  "model": {
    "actions": [
      "a",
      "b"
    ],
    "states": [
      0,
      1,
      2,
      3,
      4
    ],
    "initState": 0,
    "acceptStates": [
      4
    ],
    "sinkState": 1,
    "trans": [
      [
        "0",
        "0",
        "a",
        "[0,+)",
        "True",
        "0"
      ],
      [
        "1",
        "0",
        "b",
        "[4.0,+)",
        "True",
        "1"
      ],
      [
        "2",
        "0",
        "b",
        "[0,4.0)",
        "False",
        "3"
      ],
      [
        "3",
        "1",
        "a",
        "[0,+)",
        "True",
        "1"
      ],
      [
        "4",
        "1",
        "b",
        "[0,+)",
        "True",
        "1"
      ],
      [
        "5",
        "2",
        "a",
        "[0.0,12.0)",
        "True",
        "1"
      ],
      [
        "6",
        "2",
        "b",
        "[0,+)",
        "True",
        "1"
      ],
      [
        "7",
        "2",
        "a",
        "[12.0,+)",
        "True",
        "4"
      ],
      [
        "8",
        "3",
        "b",
        "[0,+)",
        "True",
        "1"
      ],
      [
        "9",
        "3",
        "a",
        "[0.0,+)",
        "True",
        "2"
      ],
      [
        "10",
        "4",
        "a",
        "[0,+)",
        "True",
        "0"
      ],
      [
        "11",
        "4",
        "b",
        "(8.0,+)",
        "True",
        "1"
      ],
      [
        "12",
        "4",
        "b",
        "[0,8.0]",
        "False",
        "3"
      ]
    ]
  }
}