{
  "result": "Success",
  "learningTime": 236.0580439567566,
  "mqNum": 188,
  "eqNum": 11,
  "testNum": 757,
  "testNumCache": 741,
  "actionNum": 3397,
  "totalTime": 13238.5,
  "tableNum": 20,
  "correct": true,
  "passingRate": 1,
  "model": {
    "actions": [
      "a",
      "b",
      "c",
      "d"
    ],
    "states": [
      0,
      1,
      2,
      3,
      4,
      5,
      6
    ],
    "initState": 0,
    "acceptStates": [
      0,
      3
    ],
    "sinkState": 2,
    "trans": [
      [
        "0",
        "0",
        "a",
        "[0,+)",
        "True",
        "0"
      ],
      [
        "1",
        "0",
        "b",
        "[0,+)",
        "True",
        "1"
      ],
      [
        "2",
        "0",
        "c",
        "[0,+)",
        "True",
        "2"
      ],
      [
        "3",
        "0",
        "d",
        "[0,+)",
        "True",
        "2"
      ],
      [
        "4",
        "1",
        "b",
        "[0,+)",
        "True",
        "2"
      ],
      [
        "5",
        "1",
        "c",
        "[0,+)",
        "True",
        "2"
      ],
      [
        "6",
        "1",
        "d",
        "[0,2.0)",
        "True",
        "2"
      ],
      [
        "7",
        "1",
        "a",
        "[0,+)",
        "True",
        "3"
      ],
      [
        "8",
        "1",
        "d",
        "[2.0,+)",
        "True",
        "4"
      ],
      [
        "9",
        "2",
        "a",
        "[0,+)",
        "True",
        "2"
      ],
      [
        "10",
        "2",
        "b",
        "[0,+)",
        "True",
        "2"
      ],
      [
        "11",
        "2",
        "c",
        "[0,+)",
        "True",
        "2"
      ],
      [
        "12",
        "2",
        "d",
        "[0,+)",
        "True",
        "2"
      ],
      [
        "13",
        "3",
        "a",
        "[0,+)",
        "True",
        "2"
      ],
      [
        "14",
        "3",
        "c",
        "[0,+)",
        "True",
        "2"
      ],
      [
        "15",
        "3",
        "d",
        "[3.0,+)",
        "True",
        "2"
      ],
      [
        "16",
        "3",
        "d",
        "[0,3.0)",
        "False",
        "5"
      ],
      [
        "17",
        "3",
        "b",
        "[0.0,+)",
        "True",
        "6"
      ],
      [
        "18",
        "4",
        "a",
        "[0,+)",
        "True",
        "2"
      ],
      [
        "19",
        "4",
        "b",
        "[0,0.0]",
        "True",
        "2"
      ],
      [
        "20",
        "4",
        "c",
        "[0,2.0]U(6.0,+)",
        "True",
        "2"
      ],
      [
        "21",
        "4",
        "d",
        "[0,+)",
        "True",
        "2"
      ],
      [
        "22",
        "4",
        "b",
        "(0.0,+)",
        "True",
        "3"
      ],
      [
        "23",
        "4",
        "c",
        "(2.0,6.0]",
        "True",
        "4"
      ],
      [
        "24",
        "5",
        "a",
        "[0,+)",
        "True",
        "2"
      ],
      [
        "25",
        "5",
        "b",
        "[0,+)",
        "True",
        "2"
      ],
      [
        "26",
        "5",
        "d",
        "[0,+)",
        "True",
        "2"
      ],
      [
        "27",
        "5",
        "c",
        "[0.0,+)",
        "True",
        "6"
      ],
      [
        "28",
        "6",
        "a",
        "[0.0,3.0]",
        "False",
        "0"
      ],
      [
        "29",
        "6",
        "a",
        "(3.0,+)",
        "True",
        "2"
      ],
      [
        "30",
        "6",
        "b",
        "[0,+)",
        "True",
        "2"
      ],
      [
        "31",
        "6",
        "c",
        "[0,5.0]",
        "True",
        "2"
      ],
      [
        "32",
        "6",
        "d",
        "[0,+)",
        "True",
        "2"
      ],
      [
        "33",
        "6",
        "c",
        "(5.0,+)",
        "True",
        "5"
      ]
    ]
  }
}