{
  "result": "Success",
  "learningTime": 95.68289637565613,
  "mqNum": 222,
  "eqNum": 11,
  "testNum": 830,
  "testNumCache": 819,
  "actionNum": 5190,
  "totalTime": 18062.5,
  "tableNum": 24,
  "correct": true,
  "passingRate": 1,
  "model": {
    "actions": [
      "a",
      "b"
    ],
    "states": [
      0,
      1,
      2,
      3,
      4,
      5,
      6,
      7,
      8,
      9,
      10
    ],
    "initState": 0,
    "acceptStates": [
      1,
      3,
      6,
      10
    ],
    "sinkState": 2,
    "trans": [
      [
        "0",
        "0",
        "b",
        "[0,+)",
        "True",
        "0"
      ],
      [
        "1",
        "0",
        "a",
        "[0,+)",
        "True",
        "1"
      ],
      [
        "2",
        "1",
        "a",
        "(5.0,+)",
        "True",
        "2"
      ],
      [
        "3",
        "1",
        "b",
        "[0,+)",
        "True",
        "2"
      ],
      [
        "4",
        "1",
        "a",
        "[0,5.0]",
        "False",
        "3"
      ],
      [
        "5",
        "2",
        "a",
        "[0,+)",
        "True",
        "2"
      ],
      [
        "6",
        "2",
        "b",
        "[0,+)",
        "True",
        "2"
      ],
      [
        "7",
        "3",
        "a",
        "[0,+)",
        "True",
        "2"
      ],
      [
        "8",
        "3",
        "b",
        "[0.0,+)",
        "True",
        "4"
      ],
      [
        "9",
        "4",
        "b",
        "(6.0,+)",
        "True",
        "5"
      ],
      [
        "10",
        "4",
        "a",
        "[0,+)",
        "True",
        "6"
      ],
      [
        "11",
        "4",
        "b",
        "[0,6.0]",
        "False",
        "7"
      ],
      [
        "12",
        "5",
        "b",
        "[0.0,+)",
        "True",
        "2"
      ],
      [
        "13",
        "5",
        "a",
        "(3.0,+)",
        "True",
        "8"
      ],
      [
        "14",
        "5",
        "a",
        "[0,3.0]",
        "False",
        "9"
      ],
      [
        "15",
        "6",
        "b",
        "[0,3.0)",
        "True",
        "2"
      ],
      [
        "16",
        "6",
        "a",
        "[0,+)",
        "True",
        "7"
      ],
      [
        "17",
        "6",
        "b",
        "[3.0,+)",
        "True",
        "9"
      ],
      [
        "18",
        "7",
        "a",
        "[0.0,+)",
        "True",
        "2"
      ],
      [
        "19",
        "7",
        "b",
        "[0,+)",
        "True",
        "8"
      ],
      [
        "20",
        "8",
        "a",
        "[0,+)",
        "True",
        "1"
      ],
      [
        "21",
        "8",
        "b",
        "[0,+)",
        "True",
        "2"
      ],
      [
        "22",
        "9",
        "b",
        "[0,2.0)U(5.0,+)",
        "True",
        "2"
      ],
      [
        "23",
        "9",
        "a",
        "[0.0,+)",
        "False",
        "7"
      ],
      [
        "24",
        "9",
        "b",
        "[2.0,5.0]",
        "False",
        "10"
      ],
      [
        "25",
        "10",
        "a",
        "[0,3.0]",
        "True",
        "2"
      ],
      [
        "26",
        "10",
        "b",
        "[0,+)",
        "True",
        "2"
      ],
      [
        "27",
        "10",
        "a",
        "(3.0,+)",
        "True",
        "3"
      ]
    ]
  }
}