{
  "result": "Success",
  "learningTime": 339.5318229198456,
  "mqNum": 333,
  "eqNum": 16,
  "testNum": 1105,
  "testNumCache": 1083,
  "actionNum": 7145,
  "totalTime": 23304.0,
  "tableNum": 32,
  "correct": true,
  "passingRate": 1,
  "model": {
    "actions": [
      "a",
      "b"
    ],
    "states": [
      0,
      1,
      2,
      3,
      4,
      5,
      6,
      7,
      8,
      9,
      10,
      11,
      12
    ],
    "initState": 0,
    "acceptStates": [
      1,
      3,
      6,
      10
    ],
    "sinkState": 2,
    "trans": [
      [
        "0",
        "0",
        "b",
        "[0,+)",
        "True",
        "0"
      ],
      [
        "1",
        "0",
        "a",
        "[0,+)",
        "True",
        "1"
      ],
      [
        "2",
        "1",
        "a",
        "(5.0,+)",
        "True",
        "2"
      ],
      [
        "3",
        "1",
        "b",
        "[0,+)",
        "True",
        "2"
      ],
      [
        "4",
        "1",
        "a",
        "[0,5.0]",
        "False",
        "3"
      ],
      [
        "5",
        "2",
        "a",
        "[0,+)",
        "True",
        "2"
      ],
      [
        "6",
        "2",
        "b",
        "[0,+)",
        "True",
        "2"
      ],
      [
        "7",
        "3",
        "a",
        "[0,+)",
        "True",
        "2"
      ],
      [
        "8",
        "3",
        "b",
        "[0.0,+)",
        "True",
        "4"
      ],
      [
        "9",
        "4",
        "b",
        "(6.0,+)",
        "True",
        "5"
      ],
      [
        "10",
        "4",
        "a",
        "[0,+)",
        "True",
        "6"
      ],
      [
        "11",
        "4",
        "b",
        "[0,6.0]",
        "False",
        "7"
      ],
      [
        "12",
        "5",
        "b",
        "[0.0,+)",
        "True",
        "2"
      ],
      [
        "13",
        "5",
        "a",
        "(3.0,+)",
        "True",
        "8"
      ],
      [
        "14",
        "5",
        "a",
        "[0,2.0)",
        "False",
        "9"
      ],
      [
        "15",
        "5",
        "a",
        "[2.0,3.0]",
        "False",
        "11"
      ],
      [
        "16",
        "6",
        "b",
        "[0,3.0)",
        "True",
        "2"
      ],
      [
        "17",
        "6",
        "a",
        "[0,+)",
        "True",
        "7"
      ],
      [
        "18",
        "6",
        "b",
        "[3.0,+)",
        "True",
        "9"
      ],
      [
        "19",
        "7",
        "a",
        "[0.0,+)",
        "True",
        "2"
      ],
      [
        "20",
        "7",
        "b",
        "[0,+)",
        "True",
        "8"
      ],
      [
        "21",
        "8",
        "a",
        "[0,+)",
        "True",
        "1"
      ],
      [
        "22",
        "8",
        "b",
        "[0,+)",
        "True",
        "2"
      ],
      [
        "23",
        "9",
        "b",
        "[0,2.0)U(5.0,+)",
        "True",
        "2"
      ],
      [
        "24",
        "9",
        "a",
        "[0.0,+)",
        "False",
        "7"
      ],
      [
        "25",
        "9",
        "b",
        "[2.0,5.0]",
        "False",
        "10"
      ],
      [
        "26",
        "10",
        "a",
        "[0,3.0]",
        "True",
        "2"
      ],
      [
        "27",
        "10",
        "b",
        "[0,+)",
        "True",
        "2"
      ],
      [
        "28",
        "10",
        "a",
        "(3.0,+)",
        "True",
        "3"
      ],
      [
        "29",
        "11",
        "a",
        "[0,2.0)",
        "True",
        "2"
      ],
      [
        "30",
        "11",
        "b",
        "[0,2.0)U(5.0,+)",
        "True",
        "2"
      ],
      [
        "31",
        "11",
        "b",
        "[2.0,5.0]",
        "False",
        "10"
      ],
      [
        "32",
        "11",
        "a",
        "[2.0,+)",
        "False",
        "12"
      ],
      [
        "33",
        "12",
        "a",
        "[0,+)",
        "True",
        "2"
      ],
      [
        "34",
        "12",
        "b",
        "[0,2.0)",
        "True",
        "2"
      ],
      [
        "35",
        "12",
        "b",
        "[2.0,+)",
        "True",
        "8"
      ]
    ]
  }
}