{
  "result": "Success",
  "learningTime": 854.1830937862396,
  "mqNum": 174,
  "eqNum": 10,
  "testNum": 2664,
  "testNumCache": 2645,
  "actionNum": 22984,
  "totalTime": 270278.5,
  "tableNum": 20,
  "correct": false,
  "passingRate": 0.99992,
  "model": {
    "actions": [
      "a",
      "b"
    ],
    "states": [
      0,
      1,
      2,
      3,
      4,
      5,
      6,
      7,
      8
    ],
    "initState": 0,
    "acceptStates": [
      1,
      5,
      6,
      7
    ],
    "sinkState": 3,
    "trans": [
      [
        "0",
        "0",
        "b",
        "[0,+)",
        "True",
        "0"
      ],
      [
        "1",
        "0",
        "a",
        "[0,+)",
        "True",
        "2"
      ],
      [
        "2",
        "1",
        "a",
        "[0,+)",
        "True",
        "3"
      ],
      [
        "3",
        "1",
        "b",
        "[0,+)",
        "True",
        "4"
      ],
      [
        "4",
        "2",
        "b",
        "[0.0,+)",
        "True",
        "1"
      ],
      [
        "5",
        "2",
        "a",
        "(13.0,+)",
        "True",
        "3"
      ],
      [
        "6",
        "2",
        "a",
        "[0,13.0]",
        "False",
        "5"
      ],
      [
        "7",
        "3",
        "a",
        "[0,+)",
        "True",
        "3"
      ],
      [
        "8",
        "3",
        "b",
        "[0,+)",
        "True",
        "3"
      ],
      [
        "9",
        "4",
        "a",
        "[0,+)",
        "True",
        "2"
      ],
      [
        "10",
        "4",
        "b",
        "[0,12.0)",
        "True",
        "3"
      ],
      [
        "11",
        "4",
        "b",
        "[12.0,+)",
        "True",
        "6"
      ],
      [
        "12",
        "5",
        "a",
        "[0,+)",
        "True",
        "3"
      ],
      [
        "13",
        "5",
        "b",
        "[26.0,+)",
        "True",
        "3"
      ],
      [
        "14",
        "5",
        "b",
        "[0,26.0)",
        "True",
        "6"
      ],
      [
        "15",
        "6",
        "b",
        "[0,7.0)",
        "False",
        "0"
      ],
      [
        "16",
        "6",
        "a",
        "[0,+)",
        "True",
        "3"
      ],
      [
        "17",
        "6",
        "b",
        "(25.0,+)",
        "True",
        "3"
      ],
      [
        "18",
        "6",
        "b",
        "[7.0,25.0]",
        "False",
        "8"
      ],
      [
        "19",
        "7",
        "a",
        "[0,+)",
        "True",
        "3"
      ],
      [
        "20",
        "7",
        "b",
        "[0,+)",
        "True",
        "3"
      ],
      [
        "21",
        "8",
        "b",
        "[7.0,+)",
        "True",
        "1"
      ],
      [
        "22",
        "8",
        "a",
        "[0,7.0)U(13.0,+)",
        "True",
        "3"
      ],
      [
        "23",
        "8",
        "b",
        "[0,7.0)",
        "True",
        "3"
      ],
      [
        "24",
        "8",
        "a",
        "[7.0,13.0]",
        "False",
        "7"
      ]
    ]
  }
}