{
  "result": "Success",
  "learningTime": 5006.930908203125,
  "mqNum": 1033,
  "eqNum": 17,
  "testNum": 2110,
  "testNumCache": 2086,
  "actionNum": 7029,
  "totalTime": 28259.5,
  "tableNum": 34,
  "correct": false,
  "passingRate": 1.0,
  "model": {
    "actions": [
      "a",
      "b",
      "c",
      "d",
      "e",
      "f",
      "g",
      "h",
      "i",
      "j"
    ],
    "states": [
      0,
      1,
      2,
      3,
      4,
      5,
      6,
      7,
      8,
      9,
      10
    ],
    "initState": 0,
    "acceptStates": [
      0,
      4
    ],
    "sinkState": 2,
    "trans": [
      [
        "0",
        "0",
        "a",
        "[0,+)",
        "True",
        "1"
      ],
      [
        "1",
        "0",
        "b",
        "[0,+)",
        "True",
        "2"
      ],
      [
        "2",
        "0",
        "c",
        "[0,+)",
        "True",
        "2"
      ],
      [
        "3",
        "0",
        "d",
        "[0,+)",
        "True",
        "2"
      ],
      [
        "4",
        "0",
        "e",
        "[0,+)",
        "True",
        "2"
      ],
      [
        "5",
        "0",
        "f",
        "[0,+)",
        "True",
        "2"
      ],
      [
        "6",
        "0",
        "g",
        "[0,+)",
        "True",
        "2"
      ],
      [
        "7",
        "0",
        "h",
        "[0,+)",
        "True",
        "2"
      ],
      [
        "8",
        "0",
        "i",
        "[0,+)",
        "True",
        "2"
      ],
      [
        "9",
        "0",
        "j",
        "[0,+)",
        "True",
        "7"
      ],
      [
        "10",
        "1",
        "f",
        "[1.0,+)",
        "True",
        "0"
      ],
      [
        "11",
        "1",
        "a",
        "[0,+)",
        "True",
        "2"
      ],
      [
        "12",
        "1",
        "b",
        "(2.0,+)",
        "True",
        "2"
      ],
      [
        "13",
        "1",
        "c",
        "(1.0,+)",
        "True",
        "2"
      ],
      [
        "14",
        "1",
        "d",
        "[0,+)",
        "True",
        "2"
      ],
      [
        "15",
        "1",
        "e",
        "[0,+)",
        "True",
        "2"
      ],
      [
        "16",
        "1",
        "f",
        "[0,1.0)",
        "True",
        "2"
      ],
      [
        "17",
        "1",
        "g",
        "[0,+)",
        "True",
        "2"
      ],
      [
        "18",
        "1",
        "h",
        "[0,+)",
        "True",
        "2"
      ],
      [
        "19",
        "1",
        "i",
        "[0,+)",
        "True",
        "2"
      ],
      [
        "20",
        "1",
        "j",
        "[0,+)",
        "True",
        "2"
      ],
      [
        "21",
        "1",
        "b",
        "[0,2.0]",
        "False",
        "3"
      ],
      [
        "22",
        "1",
        "c",
        "[0,1.0]",
        "False",
        "7"
      ],
      [
        "23",
        "2",
        "a",
        "[0,+)",
        "True",
        "2"
      ],
      [
        "24",
        "2",
        "b",
        "[0,+)",
        "True",
        "2"
      ],
      [
        "25",
        "2",
        "c",
        "[0,+)",
        "True",
        "2"
      ],
      [
        "26",
        "2",
        "d",
        "[0,+)",
        "True",
        "2"
      ],
      [
        "27",
        "2",
        "e",
        "[0,+)",
        "True",
        "2"
      ],
      [
        "28",
        "2",
        "f",
        "[0,+)",
        "True",
        "2"
      ],
      [
        "29",
        "2",
        "g",
        "[0,+)",
        "True",
        "2"
      ],
      [
        "30",
        "2",
        "h",
        "[0,+)",
        "True",
        "2"
      ],
      [
        "31",
        "2",
        "i",
        "[0,+)",
        "True",
        "2"
      ],
      [
        "32",
        "2",
        "j",
        "[0,+)",
        "True",
        "2"
      ],
      [
        "33",
        "3",
        "a",
        "[0,+)",
        "True",
        "2"
      ],
      [
        "34",
        "3",
        "b",
        "[0,+)",
        "True",
        "2"
      ],
      [
        "35",
        "3",
        "c",
        "[0,+)",
        "True",
        "2"
      ],
      [
        "36",
        "3",
        "d",
        "[0,+)",
        "True",
        "2"
      ],
      [
        "37",
        "3",
        "e",
        "(5.0,+)",
        "True",
        "2"
      ],
      [
        "38",
        "3",
        "g",
        "[0,+)",
        "True",
        "2"
      ],
      [
        "39",
        "3",
        "h",
        "[0,+)",
        "True",
        "2"
      ],
      [
        "40",
        "3",
        "i",
        "[0,+)",
        "True",
        "2"
      ],
      [
        "41",
        "3",
        "j",
        "[0,+)",
        "True",
        "2"
      ],
      [
        "42",
        "3",
        "e",
        "[0.0,5.0]",
        "True",
        "4"
      ],
      [
        "43",
        "3",
        "f",
        "[0,+)",
        "True",
        "5"
      ],
      [
        "44",
        "4",
        "a",
        "[0,+)",
        "True",
        "2"
      ],
      [
        "45",
        "4",
        "b",
        "[0,+)",
        "True",
        "2"
      ],
      [
        "46",
        "4",
        "c",
        "[0,+)",
        "True",
        "2"
      ],
      [
        "47",
        "4",
        "d",
        "[0,+)",
        "True",
        "2"
      ],
      [
        "48",
        "4",
        "e",
        "[0,+)",
        "True",
        "2"
      ],
      [
        "49",
        "4",
        "h",
        "[0,+)",
        "True",
        "2"
      ],
      [
        "50",
        "4",
        "i",
        "[0,+)",
        "True",
        "2"
      ],
      [
        "51",
        "4",
        "j",
        "[0.0,+)",
        "True",
        "2"
      ],
      [
        "52",
        "4",
        "f",
        "[0,+)",
        "False",
        "5"
      ],
      [
        "53",
        "4",
        "g",
        "[0,+)",
        "False",
        "8"
      ],
      [
        "54",
        "5",
        "a",
        "[0,+)",
        "True",
        "2"
      ],
      [
        "55",
        "5",
        "b",
        "[0,+)",
        "True",
        "2"
      ],
      [
        "56",
        "5",
        "c",
        "[0,+)",
        "True",
        "2"
      ],
      [
        "57",
        "5",
        "d",
        "[0,+)",
        "True",
        "2"
      ],
      [
        "58",
        "5",
        "e",
        "[0,+)",
        "True",
        "2"
      ],
      [
        "59",
        "5",
        "f",
        "[0,+)",
        "True",
        "2"
      ],
      [
        "60",
        "5",
        "g",
        "[4.0,+)",
        "True",
        "2"
      ],
      [
        "61",
        "5",
        "h",
        "[3.0,+)",
        "True",
        "2"
      ],
      [
        "62",
        "5",
        "i",
        "[0,+)",
        "True",
        "2"
      ],
      [
        "63",
        "5",
        "j",
        "[0,+)",
        "True",
        "2"
      ],
      [
        "64",
        "5",
        "h",
        "[0,3.0)",
        "False",
        "6"
      ],
      [
        "65",
        "5",
        "g",
        "[0.0,4.0)",
        "False",
        "9"
      ],
      [
        "66",
        "6",
        "a",
        "[0,+)",
        "True",
        "2"
      ],
      [
        "67",
        "6",
        "b",
        "[0,+)",
        "True",
        "2"
      ],
      [
        "68",
        "6",
        "c",
        "[0,+)",
        "True",
        "2"
      ],
      [
        "69",
        "6",
        "d",
        "[0,+)",
        "True",
        "2"
      ],
      [
        "70",
        "6",
        "e",
        "[0,+)",
        "True",
        "2"
      ],
      [
        "71",
        "6",
        "f",
        "[0,+)",
        "True",
        "2"
      ],
      [
        "72",
        "6",
        "h",
        "[0,+)",
        "True",
        "2"
      ],
      [
        "73",
        "6",
        "i",
        "[0,+)",
        "True",
        "2"
      ],
      [
        "74",
        "6",
        "j",
        "[0,+)",
        "True",
        "2"
      ],
      [
        "75",
        "6",
        "g",
        "[0,+)",
        "True",
        "10"
      ],
      [
        "76",
        "7",
        "f",
        "[1.0,+)",
        "True",
        "0"
      ],
      [
        "77",
        "7",
        "a",
        "[0,+)",
        "True",
        "2"
      ],
      [
        "78",
        "7",
        "b",
        "(2.0,+)",
        "True",
        "2"
      ],
      [
        "79",
        "7",
        "c",
        "[0,+)",
        "True",
        "2"
      ],
      [
        "80",
        "7",
        "d",
        "(5.0,+)",
        "True",
        "2"
      ],
      [
        "81",
        "7",
        "e",
        "[0,+)",
        "True",
        "2"
      ],
      [
        "82",
        "7",
        "f",
        "[0,1.0)",
        "True",
        "2"
      ],
      [
        "83",
        "7",
        "g",
        "[0,+)",
        "True",
        "2"
      ],
      [
        "84",
        "7",
        "h",
        "[0,+)",
        "True",
        "2"
      ],
      [
        "85",
        "7",
        "i",
        "[0,+)",
        "True",
        "2"
      ],
      [
        "86",
        "7",
        "j",
        "[0,+)",
        "True",
        "2"
      ],
      [
        "87",
        "7",
        "b",
        "[0.0,2.0]",
        "False",
        "3"
      ],
      [
        "88",
        "7",
        "d",
        "[0.0,5.0]",
        "True",
        "4"
      ],
      [
        "89",
        "8",
        "a",
        "[0,+)",
        "True",
        "2"
      ],
      [
        "90",
        "8",
        "b",
        "[0,+)",
        "True",
        "2"
      ],
      [
        "91",
        "8",
        "c",
        "[0,+)",
        "True",
        "2"
      ],
      [
        "92",
        "8",
        "d",
        "[0,+)",
        "True",
        "2"
      ],
      [
        "93",
        "8",
        "e",
        "[0,+)",
        "True",
        "2"
      ],
      [
        "94",
        "8",
        "g",
        "[0,+)",
        "True",
        "2"
      ],
      [
        "95",
        "8",
        "h",
        "[0,+)",
        "True",
        "2"
      ],
      [
        "96",
        "8",
        "i",
        "[0,+)",
        "True",
        "2"
      ],
      [
        "97",
        "8",
        "j",
        "[0,+)",
        "True",
        "2"
      ],
      [
        "98",
        "8",
        "f",
        "[0.0,+)",
        "False",
        "10"
      ],
      [
        "99",
        "9",
        "a",
        "[0,+)",
        "True",
        "2"
      ],
      [
        "100",
        "9",
        "b",
        "[0,+)",
        "True",
        "2"
      ],
      [
        "101",
        "9",
        "c",
        "[0,+)",
        "True",
        "2"
      ],
      [
        "102",
        "9",
        "d",
        "[0,+)",
        "True",
        "2"
      ],
      [
        "103",
        "9",
        "e",
        "[0,+)",
        "True",
        "2"
      ],
      [
        "104",
        "9",
        "f",
        "[0,+)",
        "True",
        "2"
      ],
      [
        "105",
        "9",
        "g",
        "[0,+)",
        "True",
        "2"
      ],
      [
        "106",
        "9",
        "i",
        "[0,+)",
        "True",
        "2"
      ],
      [
        "107",
        "9",
        "j",
        "[0,+)",
        "True",
        "2"
      ],
      [
        "108",
        "9",
        "h",
        "[0,+)",
        "True",
        "10"
      ],
      [
        "109",
        "10",
        "a",
        "[0,+)",
        "True",
        "2"
      ],
      [
        "110",
        "10",
        "b",
        "[0,+)",
        "True",
        "2"
      ],
      [
        "111",
        "10",
        "c",
        "[0,+)",
        "True",
        "2"
      ],
      [
        "112",
        "10",
        "d",
        "[0,+)",
        "True",
        "2"
      ],
      [
        "113",
        "10",
        "e",
        "[0,+)",
        "True",
        "2"
      ],
      [
        "114",
        "10",
        "f",
        "[0,+)",
        "True",
        "2"
      ],
      [
        "115",
        "10",
        "g",
        "[0,+)",
        "True",
        "2"
      ],
      [
        "116",
        "10",
        "h",
        "[0.0,+)",
        "True",
        "2"
      ],
      [
        "117",
        "10",
        "i",
        "[0,+)",
        "True",
        "2"
      ],
      [
        "118",
        "10",
        "j",
        "[0,+)",
        "True",
        "2"
      ]
    ]
  }
}