{
  "result": "Success",
  "learningTime": 79.7352945804596,
  "mqNum": 128,
  "eqNum": 11,
  "testNum": 583,
  "testNumCache": 572,
  "actionNum": 2871,
  "totalTime": 14232.5,
  "tableNum": 19,
  "correct": true,
  "passingRate": 1,
  "model": {
    "actions": [
      "a",
      "b"
    ],
    "states": [
      0,
      1,
      2,
      3,
      4,
      5,
      6
    ],
    "initState": 0,
    "acceptStates": [
      3,
      4
    ],
    "sinkState": 1,
    "trans": [
      [
        "0",
        "0",
        "b",
        "[0,+)",
        "True",
        "0"
      ],
      [
        "1",
        "0",
        "a",
        "[0,4.0)",
        "False",
        "2"
      ],
      [
        "2",
        "0",
        "a",
        "[4.0,+)",
        "True",
        "3"
      ],
      [
        "3",
        "1",
        "a",
        "[0,+)",
        "True",
        "1"
      ],
      [
        "4",
        "1",
        "b",
        "[0,+)",
        "True",
        "1"
      ],
      [
        "5",
        "2",
        "a",
        "[0.0,6.0)",
        "True",
        "1"
      ],
      [
        "6",
        "2",
        "b",
        "[0,+)",
        "True",
        "1"
      ],
      [
        "7",
        "2",
        "a",
        "[6.0,+)",
        "True",
        "3"
      ],
      [
        "8",
        "3",
        "a",
        "[0,8.0)",
        "True",
        "1"
      ],
      [
        "9",
        "3",
        "b",
        "[0,+)",
        "True",
        "4"
      ],
      [
        "10",
        "3",
        "a",
        "[8.0,+)",
        "True",
        "6"
      ],
      [
        "11",
        "4",
        "a",
        "[0,4.0]",
        "True",
        "1"
      ],
      [
        "12",
        "4",
        "b",
        "[0.0,+)",
        "True",
        "1"
      ],
      [
        "13",
        "4",
        "a",
        "(4.0,+)",
        "True",
        "5"
      ],
      [
        "14",
        "5",
        "b",
        "[0,+)",
        "True",
        "0"
      ],
      [
        "15",
        "5",
        "a",
        "[0,0.0]U[4.0,+)",
        "True",
        "1"
      ],
      [
        "16",
        "5",
        "a",
        "(0.0,4.0)",
        "False",
        "4"
      ],
      [
        "17",
        "6",
        "a",
        "[0,0.0]",
        "True",
        "1"
      ],
      [
        "18",
        "6",
        "b",
        "(3.0,+)",
        "True",
        "1"
      ],
      [
        "19",
        "6",
        "b",
        "[0,3.0]",
        "False",
        "4"
      ],
      [
        "20",
        "6",
        "a",
        "(0.0,+)",
        "True",
        "5"
      ]
    ]
  }
}