{
  "result": "Success",
  "learningTime": 258.0798749923706,
  "mqNum": 211,
  "eqNum": 9,
  "testNum": 504,
  "testNumCache": 492,
  "actionNum": 1620,
  "totalTime": 9188.0,
  "tableNum": 19,
  "correct": true,
  "passingRate": 1,
  "model": {
    "actions": [
      "release?",
      "press?",
      "touch!",
      "endhold!",
      "starthold!"
    ],
    "states": [
      0,
      1,
      2,
      3,
      4,
      5,
      6
    ],
    "initState": 0,
    "acceptStates": [
      0,
      2,
      3,
      4,
      5,
      6
    ],
    "sinkState": 1,
    "trans": [
      [
        "0",
        "0",
        "release?",
        "[0,+)",
        "True",
        "1"
      ],
      [
        "1",
        "0",
        "touch!",
        "[0,+)",
        "True",
        "1"
      ],
      [
        "2",
        "0",
        "endhold!",
        "[0,+)",
        "True",
        "1"
      ],
      [
        "3",
        "0",
        "starthold!",
        "[0,+)",
        "True",
        "1"
      ],
      [
        "4",
        "0",
        "press?",
        "[0,+)",
        "True",
        "2"
      ],
      [
        "5",
        "1",
        "release?",
        "[0,+)",
        "True",
        "1"
      ],
      [
        "6",
        "1",
        "press?",
        "[0,+)",
        "True",
        "1"
      ],
      [
        "7",
        "1",
        "touch!",
        "[0,+)",
        "True",
        "1"
      ],
      [
        "8",
        "1",
        "endhold!",
        "[0,+)",
        "True",
        "1"
      ],
      [
        "9",
        "1",
        "starthold!",
        "[0,+)",
        "True",
        "1"
      ],
      [
        "10",
        "2",
        "release?",
        "[0,5.0)",
        "True",
        "0"
      ],
      [
        "11",
        "2",
        "press?",
        "[0.0,+)",
        "True",
        "1"
      ],
      [
        "12",
        "2",
        "touch!",
        "[0,+)",
        "True",
        "1"
      ],
      [
        "13",
        "2",
        "endhold!",
        "[0,+)",
        "True",
        "1"
      ],
      [
        "14",
        "2",
        "starthold!",
        "[0,10.0)",
        "True",
        "1"
      ],
      [
        "15",
        "2",
        "release?",
        "[5.0,+)",
        "False",
        "3"
      ],
      [
        "16",
        "2",
        "starthold!",
        "[10.0,+)",
        "True",
        "4"
      ],
      [
        "17",
        "3",
        "release?",
        "[0,+)",
        "True",
        "1"
      ],
      [
        "18",
        "3",
        "press?",
        "[0,+)",
        "True",
        "1"
      ],
      [
        "19",
        "3",
        "touch!",
        "[0,5.0)",
        "True",
        "1"
      ],
      [
        "20",
        "3",
        "endhold!",
        "[0,+)",
        "True",
        "1"
      ],
      [
        "21",
        "3",
        "starthold!",
        "[0,+)",
        "True",
        "1"
      ],
      [
        "22",
        "3",
        "touch!",
        "[5.0,+)",
        "False",
        "6"
      ],
      [
        "23",
        "4",
        "press?",
        "[0,+)",
        "True",
        "1"
      ],
      [
        "24",
        "4",
        "touch!",
        "[0,+)",
        "True",
        "1"
      ],
      [
        "25",
        "4",
        "endhold!",
        "[0,+)",
        "True",
        "1"
      ],
      [
        "26",
        "4",
        "starthold!",
        "[0,+)",
        "True",
        "1"
      ],
      [
        "27",
        "4",
        "release?",
        "[0,+)",
        "True",
        "5"
      ],
      [
        "28",
        "5",
        "endhold!",
        "[0.0,+)",
        "True",
        "0"
      ],
      [
        "29",
        "5",
        "release?",
        "[0,+)",
        "True",
        "1"
      ],
      [
        "30",
        "5",
        "press?",
        "[0,+)",
        "True",
        "1"
      ],
      [
        "31",
        "5",
        "touch!",
        "[0,+)",
        "True",
        "1"
      ],
      [
        "32",
        "5",
        "starthold!",
        "[0,+)",
        "True",
        "1"
      ],
      [
        "33",
        "6",
        "release?",
        "[0,+)",
        "True",
        "1"
      ],
      [
        "34",
        "6",
        "press?",
        "[0,5.0)",
        "True",
        "1"
      ],
      [
        "35",
        "6",
        "touch!",
        "[0,+)",
        "True",
        "1"
      ],
      [
        "36",
        "6",
        "endhold!",
        "[0,+)",
        "True",
        "1"
      ],
      [
        "37",
        "6",
        "starthold!",
        "[0,+)",
        "True",
        "1"
      ],
      [
        "38",
        "6",
        "press?",
        "[5.0,+)",
        "True",
        "2"
      ]
    ]
  }
}