{
  "result": "Success",
  "learningTime": 98.00816297531128,
  "mqNum": 158,
  "eqNum": 12,
  "testNum": 555,
  "testNumCache": 540,
  "actionNum": 2747,
  "totalTime": 11437.0,
  "tableNum": 22,
  "correct": true,
  "passingRate": 1,
  "model": {
    "actions": [
      "a",
      "b"
    ],
    "states": [
      0,
      1,
      2,
      3,
      4,
      5,
      6,
      7
    ],
    "initState": 0,
    "acceptStates": [
      2,
      5,
      7
    ],
    "sinkState": 1,
    "trans": [
      [
        "0",
        "0",
        "a",
        "[0,+)",
        "True",
        "0"
      ],
      [
        "1",
        "0",
        "b",
        "[0,5.0]",
        "True",
        "1"
      ],
      [
        "2",
        "0",
        "b",
        "(5.0,+)",
        "True",
        "2"
      ],
      [
        "3",
        "1",
        "a",
        "[0,+)",
        "True",
        "1"
      ],
      [
        "4",
        "1",
        "b",
        "[0,+)",
        "True",
        "1"
      ],
      [
        "5",
        "2",
        "a",
        "[0,3.0]",
        "True",
        "3"
      ],
      [
        "6",
        "2",
        "b",
        "[0,+)",
        "True",
        "4"
      ],
      [
        "7",
        "2",
        "a",
        "(3.0,+)",
        "False",
        "5"
      ],
      [
        "8",
        "3",
        "a",
        "[0,0.0]U(4.0,+)",
        "True",
        "1"
      ],
      [
        "9",
        "3",
        "a",
        "(0.0,4.0]",
        "True",
        "4"
      ],
      [
        "10",
        "3",
        "b",
        "[0,+)",
        "True",
        "6"
      ],
      [
        "11",
        "4",
        "b",
        "[0,3.0)",
        "True",
        "0"
      ],
      [
        "12",
        "4",
        "a",
        "[0,4.0]",
        "True",
        "1"
      ],
      [
        "13",
        "4",
        "b",
        "[3.0,+)",
        "True",
        "1"
      ],
      [
        "14",
        "4",
        "a",
        "(4.0,+)",
        "True",
        "7"
      ],
      [
        "15",
        "5",
        "a",
        "[0,+)",
        "True",
        "1"
      ],
      [
        "16",
        "5",
        "b",
        "[0,3.0]",
        "True",
        "1"
      ],
      [
        "17",
        "5",
        "b",
        "(3.0,+)",
        "True",
        "6"
      ],
      [
        "18",
        "6",
        "b",
        "[0,+)",
        "True",
        "0"
      ],
      [
        "19",
        "6",
        "a",
        "[0,+)",
        "True",
        "1"
      ],
      [
        "20",
        "7",
        "a",
        "(3.0,+)",
        "True",
        "1"
      ],
      [
        "21",
        "7",
        "a",
        "[0,3.0]",
        "False",
        "3"
      ],
      [
        "22",
        "7",
        "b",
        "[0.0,+)",
        "True",
        "6"
      ]
    ]
  }
}