{
  "result": "Success",
  "learningTime": 256.0604429244995,
  "mqNum": 89,
  "eqNum": 6,
  "testNum": 1009,
  "testNumCache": 1003,
  "actionNum": 6202,
  "totalTime": 64214.0,
  "tableNum": 14,
  "correct": true,
  "passingRate": 1,
  "model": {
    "actions": [
      "a",
      "b"
    ],
    "states": [
      0,
      1,
      2,
      3,
      4,
      5,
      6
    ],
    "initState": 0,
    "acceptStates": [
      1,
      4
    ],
    "sinkState": 2,
    "trans": [
      [
        "0",
        "0",
        "b",
        "[0,+)",
        "True",
        "0"
      ],
      [
        "1",
        "0",
        "a",
        "[0,+)",
        "True",
        "1"
      ],
      [
        "2",
        "1",
        "a",
        "[0,15.0)",
        "False",
        "3"
      ],
      [
        "3",
        "1",
        "b",
        "[0,+)",
        "False",
        "4"
      ],
      [
        "4",
        "1",
        "a",
        "[15.0,+)",
        "True",
        "5"
      ],
      [
        "5",
        "2",
        "a",
        "[0,+)",
        "True",
        "2"
      ],
      [
        "6",
        "2",
        "b",
        "[0,+)",
        "True",
        "2"
      ],
      [
        "7",
        "3",
        "b",
        "[20.0,+)",
        "True",
        "0"
      ],
      [
        "8",
        "3",
        "a",
        "[0,+)",
        "True",
        "2"
      ],
      [
        "9",
        "3",
        "b",
        "[0.0,20.0)",
        "True",
        "2"
      ],
      [
        "10",
        "4",
        "a",
        "[0,+)",
        "True",
        "2"
      ],
      [
        "11",
        "4",
        "b",
        "[0,18.0)",
        "False",
        "5"
      ],
      [
        "12",
        "4",
        "b",
        "[18.0,+)",
        "True",
        "6"
      ],
      [
        "13",
        "5",
        "b",
        "[0,+)",
        "True",
        "1"
      ],
      [
        "14",
        "5",
        "a",
        "[0,+)",
        "True",
        "2"
      ],
      [
        "15",
        "6",
        "b",
        "[0.0,+)",
        "True",
        "2"
      ],
      [
        "16",
        "6",
        "a",
        "[0,+)",
        "True",
        "4"
      ]
    ]
  }
}