{
  "result": "Success",
  "learningTime": 49.403420209884644,
  "mqNum": 132,
  "eqNum": 9,
  "testNum": 435,
  "testNumCache": 426,
  "actionNum": 1938,
  "totalTime": 11345.0,
  "tableNum": 19,
  "correct": true,
  "passingRate": 1,
  "model": {
    "actions": [
      "a",
      "b"
    ],
    "states": [
      0,
      1,
      2,
      3,
      4,
      5,
      6,
      7
    ],
    "initState": 0,
    "acceptStates": [
      4
    ],
    "sinkState": 1,
    "trans": [
      [
        "0",
        "0",
        "a",
        "[0,+)",
        "True",
        "0"
      ],
      [
        "1",
        "0",
        "b",
        "[4.0,+)",
        "True",
        "1"
      ],
      [
        "2",
        "0",
        "b",
        "[0,4.0)",
        "False",
        "2"
      ],
      [
        "3",
        "1",
        "a",
        "[0,+)",
        "True",
        "1"
      ],
      [
        "4",
        "1",
        "b",
        "[0,+)",
        "True",
        "1"
      ],
      [
        "5",
        "2",
        "b",
        "[0.0,+)",
        "True",
        "1"
      ],
      [
        "6",
        "2",
        "a",
        "[0,+)",
        "True",
        "3"
      ],
      [
        "7",
        "3",
        "a",
        "[0.0,12.0)",
        "True",
        "1"
      ],
      [
        "8",
        "3",
        "b",
        "[0,+)",
        "True",
        "1"
      ],
      [
        "9",
        "3",
        "a",
        "[12.0,+)",
        "True",
        "4"
      ],
      [
        "10",
        "4",
        "a",
        "[0,+)",
        "True",
        "0"
      ],
      [
        "11",
        "4",
        "b",
        "(8.0,+)",
        "True",
        "1"
      ],
      [
        "12",
        "4",
        "b",
        "[0,4.0]",
        "False",
        "5"
      ],
      [
        "13",
        "4",
        "b",
        "(4.0,8.0]",
        "False",
        "7"
      ],
      [
        "14",
        "5",
        "a",
        "[8.0,+)",
        "True",
        "1"
      ],
      [
        "15",
        "5",
        "b",
        "[0,+)",
        "True",
        "1"
      ],
      [
        "16",
        "5",
        "a",
        "[0,8.0)",
        "True",
        "6"
      ],
      [
        "17",
        "6",
        "a",
        "[0,+)",
        "True",
        "1"
      ],
      [
        "18",
        "6",
        "b",
        "[0,+)",
        "True",
        "4"
      ],
      [
        "19",
        "7",
        "a",
        "[0,4.0]",
        "True",
        "1"
      ],
      [
        "20",
        "7",
        "b",
        "[0,+)",
        "True",
        "1"
      ],
      [
        "21",
        "7",
        "a",
        "(4.0,+)",
        "True",
        "3"
      ]
    ]
  }
}