{
  "result": "Success",
  "learningTime": 461.79649567604065,
  "mqNum": 318,
  "eqNum": 20,
  "testNum": 1478,
  "testNumCache": 1453,
  "actionNum": 8714,
  "totalTime": 32656.5,
  "tableNum": 35,
  "correct": true,
  "passingRate": 1,
  "model": {
    "actions": [
      "a",
      "b"
    ],
    "states": [
      0,
      1,
      2,
      3,
      4,
      5,
      6,
      7,
      8,
      9,
      10,
      11
    ],
    "initState": 0,
    "acceptStates": [
      5,
      7,
      11
    ],
    "sinkState": 1,
    "trans": [
      [
        "0",
        "0",
        "b",
        "[0,+)",
        "True",
        "0"
      ],
      [
        "1",
        "0",
        "a",
        "[0,+)",
        "False",
        "2"
      ],
      [
        "2",
        "1",
        "a",
        "[0,+)",
        "True",
        "1"
      ],
      [
        "3",
        "1",
        "b",
        "[0,+)",
        "True",
        "1"
      ],
      [
        "4",
        "2",
        "b",
        "[0,0.0]U(3.0,+)",
        "True",
        "1"
      ],
      [
        "5",
        "2",
        "a",
        "[0.0,+)",
        "True",
        "4"
      ],
      [
        "6",
        "2",
        "b",
        "(0.0,3.0]",
        "False",
        "11"
      ],
      [
        "7",
        "3",
        "a",
        "[0.0,+)",
        "True",
        "1"
      ],
      [
        "8",
        "3",
        "b",
        "(5.0,+)",
        "True",
        "5"
      ],
      [
        "9",
        "3",
        "b",
        "[0,4.0]",
        "False",
        "6"
      ],
      [
        "10",
        "3",
        "b",
        "(4.0,5.0]",
        "False",
        "9"
      ],
      [
        "11",
        "4",
        "a",
        "(3.0,+)",
        "True",
        "1"
      ],
      [
        "12",
        "4",
        "b",
        "[0.0,+)",
        "True",
        "1"
      ],
      [
        "13",
        "4",
        "a",
        "[0.0,3.0]",
        "True",
        "3"
      ],
      [
        "14",
        "5",
        "a",
        "[5.0,+)",
        "True",
        "1"
      ],
      [
        "15",
        "5",
        "b",
        "[0,6.0)",
        "True",
        "1"
      ],
      [
        "16",
        "5",
        "b",
        "[6.0,+)",
        "True",
        "6"
      ],
      [
        "17",
        "5",
        "a",
        "[0,5.0)",
        "True",
        "8"
      ],
      [
        "18",
        "6",
        "a",
        "[0,3.0]",
        "True",
        "1"
      ],
      [
        "19",
        "6",
        "b",
        "[0,0.0]",
        "True",
        "1"
      ],
      [
        "20",
        "6",
        "b",
        "(0.0,+)",
        "True",
        "7"
      ],
      [
        "21",
        "6",
        "a",
        "(3.0,+)",
        "True",
        "8"
      ],
      [
        "22",
        "7",
        "a",
        "[0,+)",
        "True",
        "1"
      ],
      [
        "23",
        "7",
        "b",
        "[0,+)",
        "True",
        "4"
      ],
      [
        "24",
        "8",
        "a",
        "[0,4.0]",
        "True",
        "1"
      ],
      [
        "25",
        "8",
        "b",
        "[0,0.0]U(4.0,+)",
        "True",
        "1"
      ],
      [
        "26",
        "8",
        "b",
        "(0.0,4.0]",
        "False",
        "10"
      ],
      [
        "27",
        "8",
        "a",
        "(4.0,+)",
        "True",
        "11"
      ],
      [
        "28",
        "9",
        "a",
        "[0,4.0]",
        "True",
        "1"
      ],
      [
        "29",
        "9",
        "b",
        "[0,4.0]",
        "True",
        "1"
      ],
      [
        "30",
        "9",
        "b",
        "(4.0,+)",
        "True",
        "7"
      ],
      [
        "31",
        "9",
        "a",
        "(4.0,+)",
        "True",
        "8"
      ],
      [
        "32",
        "10",
        "a",
        "(0.0,+)",
        "True",
        "0"
      ],
      [
        "33",
        "10",
        "a",
        "[0,0.0]",
        "True",
        "1"
      ],
      [
        "34",
        "10",
        "b",
        "[0,6.0]",
        "True",
        "1"
      ],
      [
        "35",
        "10",
        "b",
        "(6.0,+)",
        "True",
        "3"
      ],
      [
        "36",
        "11",
        "a",
        "[0,7.0)",
        "True",
        "1"
      ],
      [
        "37",
        "11",
        "b",
        "[0,+)",
        "True",
        "1"
      ],
      [
        "38",
        "11",
        "a",
        "[7.0,+)",
        "True",
        "2"
      ]
    ]
  }
}