{
  "result": "Success",
  "learningTime": 145.0125334262848,
  "mqNum": 160,
  "eqNum": 11,
  "testNum": 1310,
  "testNumCache": 1297,
  "actionNum": 6475,
  "totalTime": 48016.5,
  "tableNum": 21,
  "correct": true,
  "passingRate": 1,
  "model": {
    "actions": [
      "a",
      "b"
    ],
    "states": [
      0,
      1,
      2,
      3,
      4,
      5,
      6,
      7
    ],
    "initState": 0,
    "acceptStates": [
      1,
      3
    ],
    "sinkState": 2,
    "trans": [
      [
        "0",
        "0",
        "b",
        "[0,6.0]",
        "False",
        "0"
      ],
      [
        "1",
        "0",
        "a",
        "[0,+)",
        "True",
        "1"
      ],
      [
        "2",
        "0",
        "b",
        "(6.0,+)",
        "True",
        "2"
      ],
      [
        "3",
        "1",
        "a",
        "(18.0,+)",
        "True",
        "2"
      ],
      [
        "4",
        "1",
        "a",
        "[0,18.0]",
        "True",
        "3"
      ],
      [
        "5",
        "1",
        "b",
        "[0,+)",
        "True",
        "4"
      ],
      [
        "6",
        "2",
        "a",
        "[0,+)",
        "True",
        "2"
      ],
      [
        "7",
        "2",
        "b",
        "[0,+)",
        "True",
        "2"
      ],
      [
        "8",
        "3",
        "b",
        "[0,4.0)",
        "False",
        "0"
      ],
      [
        "9",
        "3",
        "a",
        "[0,+)",
        "True",
        "2"
      ],
      [
        "10",
        "3",
        "b",
        "(12.0,+)",
        "True",
        "2"
      ],
      [
        "11",
        "3",
        "b",
        "[4.0,12.0]",
        "False",
        "6"
      ],
      [
        "12",
        "4",
        "a",
        "[0,+)",
        "True",
        "2"
      ],
      [
        "13",
        "4",
        "b",
        "[0.0,4.0]U(10.0,+)",
        "True",
        "2"
      ],
      [
        "14",
        "4",
        "b",
        "(4.0,10.0]",
        "False",
        "7"
      ],
      [
        "15",
        "5",
        "a",
        "[0,+)",
        "True",
        "2"
      ],
      [
        "16",
        "5",
        "b",
        "[0,+)",
        "True",
        "4"
      ],
      [
        "17",
        "6",
        "a",
        "[0,4.0)",
        "True",
        "2"
      ],
      [
        "18",
        "6",
        "b",
        "[0,+)",
        "True",
        "2"
      ],
      [
        "19",
        "6",
        "a",
        "[4.0,+)",
        "True",
        "5"
      ],
      [
        "20",
        "7",
        "a",
        "[0,+)",
        "True",
        "2"
      ],
      [
        "21",
        "7",
        "b",
        "[0,4.0]",
        "True",
        "2"
      ],
      [
        "22",
        "7",
        "b",
        "(4.0,+)",
        "True",
        "4"
      ]
    ]
  }
}