{
  "result": "Success",
  "learningTime": 143.754150390625,
  "mqNum": 178,
  "eqNum": 15,
  "testNum": 932,
  "testNumCache": 910,
  "actionNum": 4820,
  "totalTime": 19400.0,
  "tableNum": 24,
  "correct": true,
  "passingRate": 1,
  "model": {
    "actions": [
      "a",
      "b"
    ],
    "states": [
      0,
      1,
      2,
      3,
      4,
      5,
      6,
      7
    ],
    "initState": 0,
    "acceptStates": [
      1,
      6
    ],
    "sinkState": 4,
    "trans": [
      [
        "0",
        "0",
        "b",
        "[0,+)",
        "False",
        "0"
      ],
      [
        "1",
        "0",
        "a",
        "[0,5.0)",
        "False",
        "2"
      ],
      [
        "2",
        "0",
        "a",
        "[5.0,+)",
        "False",
        "3"
      ],
      [
        "3",
        "1",
        "b",
        "(0.0,3.0)",
        "True",
        "2"
      ],
      [
        "4",
        "1",
        "a",
        "[0,0.0]",
        "True",
        "4"
      ],
      [
        "5",
        "1",
        "b",
        "[0,0.0]",
        "True",
        "4"
      ],
      [
        "6",
        "1",
        "b",
        "[3.0,+)",
        "True",
        "5"
      ],
      [
        "7",
        "1",
        "a",
        "[5.0,+)",
        "True",
        "6"
      ],
      [
        "8",
        "1",
        "a",
        "(0.0,5.0)",
        "False",
        "7"
      ],
      [
        "9",
        "2",
        "a",
        "[0.0,7.0)",
        "True",
        "3"
      ],
      [
        "10",
        "2",
        "a",
        "[7.0,+)",
        "True",
        "4"
      ],
      [
        "11",
        "2",
        "b",
        "[0,+)",
        "True",
        "4"
      ],
      [
        "12",
        "3",
        "b",
        "[0.0,7.0]",
        "True",
        "1"
      ],
      [
        "13",
        "3",
        "a",
        "[0,0.0]",
        "True",
        "4"
      ],
      [
        "14",
        "3",
        "b",
        "(7.0,+)",
        "True",
        "4"
      ],
      [
        "15",
        "3",
        "a",
        "(0.0,+)",
        "True",
        "5"
      ],
      [
        "16",
        "4",
        "a",
        "[0,+)",
        "True",
        "4"
      ],
      [
        "17",
        "4",
        "b",
        "[0,+)",
        "True",
        "4"
      ],
      [
        "18",
        "5",
        "a",
        "(5.0,+)",
        "True",
        "0"
      ],
      [
        "19",
        "5",
        "a",
        "[0,5.0]",
        "False",
        "1"
      ],
      [
        "20",
        "5",
        "b",
        "[0,+)",
        "True",
        "6"
      ],
      [
        "21",
        "6",
        "a",
        "[0,3.0]",
        "False",
        "2"
      ],
      [
        "22",
        "6",
        "a",
        "(3.0,+)",
        "True",
        "4"
      ],
      [
        "23",
        "6",
        "b",
        "[0,+)",
        "True",
        "4"
      ],
      [
        "24",
        "7",
        "a",
        "(0.0,7.0)",
        "True",
        "3"
      ],
      [
        "25",
        "7",
        "a",
        "[0,0.0]U[7.0,+)",
        "True",
        "4"
      ],
      [
        "26",
        "7",
        "b",
        "[0,+)",
        "True",
        "4"
      ]
    ]
  }
}